[{"@type":"mappingTemplate","id":"@1","name":"Mapping_RESTV2","description":"","autoExpireObject":false,"bundleVersion":"0","assetFrsGuid":"hdfJExWOkoucZP3R9cc62L","templateId":"@3","hasParameters":false,"valid":true,"fixedConnection":true,"hasParametersDeployed":false,"fixedConnectionDeployed":false,"isSchemaValidationEnabled":false,"tasks":0,"mappingPreviewFileRecordId":"@2","documentType":"MAPPING","allowMaxFieldLength":false,"references":[{"@type":"reference","refObjectId":"@aFD4lKkLWORkPzfmeQSbEz","refType":"connection"},{"@type":"reference","refObjectId":"@0q2cta1klSJbfa4mi4pMWU","refType":"connection"}]}]